location_name,location_region,location_country,location_lat,location_lon,location_tz_id,location_localtime_epoch,location_localtime,forecast_date,forecast_date_epoch,day_maxtemp_c,day_maxtemp_f,day_mintemp_c,day_mintemp_f,day_avgtemp_c,day_avgtemp_f,day_maxwind_mph,day_maxwind_kph,day_totalprecip_mm,day_totalprecip_in,day_totalsnow_cm,day_avgvis_km,day_avgvis_miles,day_avghumidity,day_will_it_rain,day_chance_of_rain,day_will_it_snow,day_chance_of_snow,day_condition_text,day_condition_icon,day_condition_code,day_uv,astro_sunrise,astro_sunset,astro_moonrise,astro_moonset,astro_moon_phase,astro_moon_illumination,astro_is_moon_up,astro_is_sun_up,day_aqi_co,day_aqi_no2,day_aqi_o3,day_aqi_so2,day_aqi_pm2_5,day_aqi_pm10,day_aqi_us_epa_index,day_aqi_gb_defra_index
Bangalore,Karnataka,India,12.9833,77.5833,Asia/Kolkata,1780755532,2026-06-06 19:48,2026-06-06,1780704000,29.5,85.2,21.2,70.2,24.3,75.8,20.4,32.8,0.02,0.0,0.0,10.0,6.0,70,0,5,0,0,Partly Cloudy,//cdn.weatherapi.com/weather/64x64/day/116.png,1003,12.4,05:52 AM,06:44 PM,11:37 PM,10:49 AM,Last Quarter,54,0,0,338.875,11.695833333333333,45.958333333333336,4.104166666666667,4.2625,4.491666666666666,1.0,1.0
Bangalore,Karnataka,India,12.9833,77.5833,Asia/Kolkata,1780755532,2026-06-06 19:48,2026-06-07,1780790400,27.8,82.1,20.6,69.1,23.7,74.6,17.7,28.4,1.34,0.05,0.0,9.9,6.0,72,1,73,0,0,Patchy rain nearby,//cdn.weatherapi.com/weather/64x64/day/176.png,1063,11.4,05:52 AM,06:44 PM,Does not rise today,11:36 AM,Last Quarter,43,0,0,323.25,10.5875,45.833333333333336,3.954166666666667,4.5375000000000005,4.666666666666666,1.0,1.0
Bangalore,Karnataka,India,12.9833,77.5833,Asia/Kolkata,1780755532,2026-06-06 19:48,2026-06-08,1780876800,30.5,86.9,20.0,67.9,24.5,76.1,20.4,32.8,0.0,0.0,0.0,10.0,6.0,66,0,2,0,0,Sunny,//cdn.weatherapi.com/weather/64x64/day/113.png,1000,11.3,05:52 AM,06:44 PM,12:12 AM,12:22 PM,Last Quarter,33,0,0,339.9166666666667,10.699999999999998,41.25,3.8125,4.395833333333333,4.4833333333333325,1.0,1.0
Bangalore,Karnataka,India,12.9833,77.5833,Asia/Kolkata,1780755532,2026-06-06 19:48,2026-06-09,1780963200,30.7,87.2,21.0,69.8,25.1,77.2,21.0,33.8,0.02,0.0,0.0,10.0,6.0,65,0,3,0,0,Partly Cloudy,//cdn.weatherapi.com/weather/64x64/day/116.png,1003,13.2,05:52 AM,06:45 PM,12:47 AM,01:09 PM,Waning Crescent,24,0,0,308.5833333333333,8.316666666666668,50.583333333333336,3.383333333333333,3.0999999999999996,3.204166666666666,1.0,1.0
Bangalore,Karnataka,India,12.9833,77.5833,Asia/Kolkata,1780755532,2026-06-06 19:48,2026-06-10,1781049600,29.0,84.2,20.3,68.5,24.3,75.7,17.9,28.8,2.04,0.08,0.0,9.9,6.0,69,1,73,0,0,Patchy rain nearby,//cdn.weatherapi.com/weather/64x64/day/176.png,1063,7.5,05:52 AM,06:45 PM,01:23 AM,01:57 PM,Waning Crescent,15,0,0,191.7,8.422222222222222,51.22222222222222,3.4444444444444446,3.683333333333333,4.25,1.0,1.0
Bangalore,Karnataka,India,12.9833,77.5833,Asia/Kolkata,1780755532,2026-06-06 19:48,2026-06-11,1781136000,29.3,84.8,20.7,69.2,24.6,76.3,19.2,31.0,0.0,0.0,0.0,10.0,6.0,65,0,2,0,0,Partly Cloudy,//cdn.weatherapi.com/weather/64x64/day/116.png,1003,6.0,05:53 AM,06:45 PM,02:02 AM,02:49 PM,Waning Crescent,8,0,0,,,,,,,,
Bangalore,Karnataka,India,12.9833,77.5833,Asia/Kolkata,1780755532,2026-06-06 19:48,2026-06-12,1781222400,29.6,85.2,20.6,69.0,24.4,75.9,17.7,28.4,0.23,0.01,0.0,9.4,5.0,63,1,73,0,0,Patchy rain nearby,//cdn.weatherapi.com/weather/64x64/day/176.png,1063,5.0,05:53 AM,06:45 PM,02:44 AM,03:45 PM,New Moon,3,0,0,,,,,,,,
Chennai,Tamil Nadu,India,13.0833,80.2833,Asia/Kolkata,1780755532,2026-06-06 19:48,2026-06-06,1780704000,35.4,95.8,30.7,87.3,32.1,89.8,16.6,26.6,0.9,0.04,0.0,10.0,6.0,58,1,73,0,0,Patchy rain nearby,//cdn.weatherapi.com/weather/64x64/day/176.png,1063,11.7,05:41 AM,06:33 PM,11:26 PM,10:38 AM,Last Quarter,54,0,0,285.875,12.399999999999999,83.83333333333333,8.429166666666665,15.991666666666667,19.758333333333333,2.0,2.0
Chennai,Tamil Nadu,India,13.0833,80.2833,Asia/Kolkata,1780755532,2026-06-06 19:48,2026-06-07,1780790400,34.5,94.1,29.6,85.3,31.8,89.2,20.6,33.1,1.06,0.04,0.0,9.9,6.0,56,1,73,0,0,Patchy rain nearby,//cdn.weatherapi.com/weather/64x64/day/176.png,1063,11.4,05:41 AM,06:33 PM,Does not rise today,11:25 AM,Last Quarter,43,0,0,289.3333333333333,12.024999999999999,77.33333333333333,8.824999999999998,12.970833333333331,15.070833333333333,1.0,2.0
Chennai,Tamil Nadu,India,13.0833,80.2833,Asia/Kolkata,1780755532,2026-06-06 19:48,2026-06-08,1780876800,36.2,97.2,29.9,85.8,33.3,91.9,19.5,31.3,0.0,0.0,0.0,10.0,6.0,49,0,1,0,0,Sunny,//cdn.weatherapi.com/weather/64x64/day/113.png,1000,10.6,05:41 AM,06:34 PM,12:01 AM,12:11 PM,Last Quarter,33,0,0,316.2916666666667,13.787500000000001,70.25,10.141666666666666,12.512500000000001,14.366666666666667,1.0,2.0
Chennai,Tamil Nadu,India,13.0833,80.2833,Asia/Kolkata,1780755532,2026-06-06 19:48,2026-06-09,1780963200,35.9,96.6,30.2,86.4,33.2,91.8,18.6,29.9,0.0,0.0,0.0,10.0,6.0,49,0,1,0,0,Partly Cloudy,//cdn.weatherapi.com/weather/64x64/day/116.png,1003,11.3,05:41 AM,06:34 PM,12:36 AM,12:58 PM,Waning Crescent,24,0,0,359.8333333333333,13.162500000000001,71.95833333333333,9.125,11.654166666666669,13.741666666666667,1.0,1.0
Chennai,Tamil Nadu,India,13.0833,80.2833,Asia/Kolkata,1780755532,2026-06-06 19:48,2026-06-10,1781049600,35.7,96.3,30.1,86.1,32.5,90.4,19.0,30.6,0.13,0.01,0.0,9.8,6.0,54,1,73,0,0,Patchy rain nearby,//cdn.weatherapi.com/weather/64x64/day/176.png,1063,11.3,05:41 AM,06:34 PM,01:12 AM,01:46 PM,Waning Crescent,15,0,0,191.43333333333334,10.738888888888887,71.33333333333333,9.21111111111111,9.522222222222222,11.100000000000001,1.0,1.0
Chennai,Tamil Nadu,India,13.0833,80.2833,Asia/Kolkata,1780755532,2026-06-06 19:48,2026-06-11,1781136000,35.4,95.8,30.7,87.3,32.1,89.7,18.3,29.5,0.0,0.0,0.0,9.9,6.0,56,0,2,0,0,Partly Cloudy,//cdn.weatherapi.com/weather/64x64/day/116.png,1003,8.0,05:42 AM,06:35 PM,01:50 AM,02:38 PM,Waning Crescent,8,0,0,,,,,,,,
Chennai,Tamil Nadu,India,13.0833,80.2833,Asia/Kolkata,1780755532,2026-06-06 19:48,2026-06-12,1781222400,35.0,95.0,30.3,86.6,32.5,90.5,18.6,29.9,0.05,0.0,0.0,10.0,6.0,49,0,3,0,0,Partly Cloudy,//cdn.weatherapi.com/weather/64x64/day/116.png,1003,8.0,05:42 AM,06:35 PM,02:32 AM,03:34 PM,New Moon,3,0,0,,,,,,,,
Bhopal,Madhya Pradesh,India,23.2667,77.4,Asia/Kolkata,1780755532,2026-06-06 19:48,2026-06-06,1780704000,39.9,103.8,28.3,82.9,33.8,92.9,13.6,22.0,0.42,0.02,0.0,10.0,6.0,37,1,73,0,0,Patchy rain nearby,//cdn.weatherapi.com/weather/64x64/day/176.png,1063,10.6,05:33 AM,07:04 PM,11:48 PM,10:38 AM,Last Quarter,54,0,0,293.4583333333333,9.550000000000002,79.79166666666667,5.5249999999999995,28.1375,51.7875,2.0,3.0
Bhopal,Madhya Pradesh,India,23.2667,77.4,Asia/Kolkata,1780755532,2026-06-06 19:48,2026-06-07,1780790400,41.5,106.7,30.3,86.6,36.1,96.9,14.1,22.7,0.02,0.0,0.0,10.0,6.0,29,0,0,0,0,Sunny,//cdn.weatherapi.com/weather/64x64/day/113.png,1000,11.1,05:33 AM,07:04 PM,Does not rise today,11:29 AM,Last Quarter,43,0,0,245.83333333333334,6.05,83.91666666666667,5.6499999999999995,34.887499999999996,65.87916666666666,2.0,3.0
Bhopal,Madhya Pradesh,India,23.2667,77.4,Asia/Kolkata,1780755532,2026-06-06 19:48,2026-06-08,1780876800,41.2,106.2,30.7,87.2,36.4,97.5,15.2,24.5,0.0,0.0,0.0,10.0,6.0,29,0,0,0,0,Sunny,//cdn.weatherapi.com/weather/64x64/day/113.png,1000,11.3,05:33 AM,07:05 PM,12:18 AM,12:20 PM,Last Quarter,33,0,0,249.41666666666666,6.875,82.375,6.033333333333334,33.295833333333334,64.5625,2.0,3.0
Bhopal,Madhya Pradesh,India,23.2667,77.4,Asia/Kolkata,1780755532,2026-06-06 19:48,2026-06-09,1780963200,40.9,105.5,28.9,84.0,35.6,96.1,19.5,31.3,0.0,0.0,0.0,10.0,6.0,32,0,0,0,0,Sunny,//cdn.weatherapi.com/weather/64x64/day/113.png,1000,11.4,05:33 AM,07:05 PM,12:49 AM,01:11 PM,Waning Crescent,24,0,0,225.54166666666666,5.691666666666667,87.70833333333333,6.241666666666667,30.050000000000008,54.50416666666667,2.0,3.0
Bhopal,Madhya Pradesh,India,23.2667,77.4,Asia/Kolkata,1780755532,2026-06-06 19:48,2026-06-10,1781049600,41.2,106.2,28.5,83.4,35.6,96.1,17.7,28.4,0.07,0.0,0.0,10.0,6.0,34,1,73,0,0,Sunny,//cdn.weatherapi.com/weather/64x64/day/113.png,1000,11.5,05:33 AM,07:06 PM,01:20 AM,02:05 PM,Waning Crescent,15,0,0,192.04444444444445,3.6944444444444446,93.11111111111111,6.127777777777778,28.005555555555556,48.50555555555555,2.0,3.0
Bhopal,Madhya Pradesh,India,23.2667,77.4,Asia/Kolkata,1780755532,2026-06-06 19:48,2026-06-11,1781136000,41.4,106.5,29.6,85.2,35.8,96.5,16.1,25.9,0.0,0.0,0.0,10.0,6.0,30,0,0,0,0,Sunny,//cdn.weatherapi.com/weather/64x64/day/113.png,1000,9.0,05:33 AM,07:06 PM,01:53 AM,03:02 PM,Waning Crescent,8,0,0,,,,,,,,
Bhopal,Madhya Pradesh,India,23.2667,77.4,Asia/Kolkata,1780755532,2026-06-06 19:48,2026-06-12,1781222400,41.1,106.1,30.6,87.1,35.9,96.6,14.1,22.7,0.0,0.0,0.0,10.0,6.0,32,0,0,0,0,Sunny,//cdn.weatherapi.com/weather/64x64/day/113.png,1000,9.0,05:33 AM,07:06 PM,02:30 AM,04:03 PM,New Moon,3,0,0,,,,,,,,
Hyderabad,Telangana,India,17.3753,78.4744,Asia/Kolkata,1780755529,2026-06-06 19:48,2026-06-06,1780704000,37.2,99.0,27.3,81.1,30.6,87.1,16.6,26.6,5.43,0.21,0.0,9.5,5.0,52,1,73,0,0,Moderate rain,//cdn.weatherapi.com/weather/64x64/day/302.png,1189,11.1,05:40 AM,06:48 PM,11:37 PM,10:41 AM,Last Quarter,54,0,0,298.375,14.454166666666667,94.75,6.812499999999999,29.683333333333326,44.88333333333333,2.0,3.0
Hyderabad,Telangana,India,17.3753,78.4744,Asia/Kolkata,1780755529,2026-06-06 19:48,2026-06-07,1780790400,36.5,97.7,25.9,78.6,30.4,86.7,18.6,29.9,2.79,0.11,0.0,9.6,5.0,55,1,73,0,0,Patchy rain nearby,//cdn.weatherapi.com/weather/64x64/day/176.png,1063,8.9,05:40 AM,06:49 PM,Does not rise today,11:29 AM,Last Quarter,43,0,0,274.1666666666667,11.65,95.66666666666667,6.929166666666666,26.012500000000003,38.641666666666666,2.0,3.0
Hyderabad,Telangana,India,17.3753,78.4744,Asia/Kolkata,1780755529,2026-06-06 19:48,2026-06-08,1780876800,34.7,94.5,25.5,78.0,29.7,85.4,19.7,31.7,3.8,0.15,0.0,9.8,6.0,59,1,73,0,0,Patchy rain nearby,//cdn.weatherapi.com/weather/64x64/day/176.png,1063,11.9,05:41 AM,06:49 PM,12:11 AM,12:17 PM,Last Quarter,33,0,0,289.8333333333333,7.779166666666668,97.5,5.487500000000001,21.395833333333332,29.462500000000002,2.0,2.0
Hyderabad,Telangana,India,17.3753,78.4744,Asia/Kolkata,1780755529,2026-06-06 19:48,2026-06-09,1780963200,29.9,85.9,25.0,77.0,27.8,82.0,17.9,28.8,3.34,0.13,0.0,9.9,6.0,67,1,73,0,0,Patchy rain nearby,//cdn.weatherapi.com/weather/64x64/day/176.png,1063,11.6,05:41 AM,06:49 PM,12:44 AM,01:06 PM,Waning Crescent,24,0,0,298.0,9.758333333333331,79.875,6.229166666666667,16.150000000000002,21.637500000000003,2.0,2.0
Hyderabad,Telangana,India,17.3753,78.4744,Asia/Kolkata,1780755529,2026-06-06 19:48,2026-06-10,1781049600,35.5,95.9,25.1,77.2,29.7,85.5,19.0,30.6,1.58,0.06,0.0,9.9,6.0,59,1,73,0,0,Patchy rain nearby,//cdn.weatherapi.com/weather/64x64/day/176.png,1063,11.8,05:41 AM,06:49 PM,01:18 AM,01:56 PM,Waning Crescent,15,0,0,210.2388888888889,7.633333333333334,81.83333333333333,5.533333333333333,18.761111111111106,31.70555555555556,2.0,2.0
Hyderabad,Telangana,India,17.3753,78.4744,Asia/Kolkata,1780755529,2026-06-06 19:48,2026-06-11,1781136000,35.6,96.0,25.6,78.1,30.7,87.2,18.8,30.2,1.29,0.05,0.0,10.0,6.0,52,1,73,0,0,Patchy rain nearby,//cdn.weatherapi.com/weather/64x64/day/176.png,1063,7.0,05:41 AM,06:50 PM,01:54 AM,02:50 PM,Waning Crescent,8,0,0,,,,,,,,
Hyderabad,Telangana,India,17.3753,78.4744,Asia/Kolkata,1780755529,2026-06-06 19:48,2026-06-12,1781222400,35.4,95.8,26.1,79.0,30.8,87.4,17.2,27.7,0.1,0.0,0.0,10.0,6.0,52,1,73,0,0,Partly Cloudy,//cdn.weatherapi.com/weather/64x64/day/116.png,1003,8.0,05:41 AM,06:50 PM,02:34 AM,03:48 PM,New Moon,3,0,0,,,,,,,,
Ajmer,Rajasthan,India,26.45,74.6333,Asia/Kolkata,1780755529,2026-06-06 19:48,2026-06-06,1780704000,39.8,103.6,29.0,84.1,34.6,94.2,18.1,29.2,0.0,0.0,0.0,10.0,6.0,37,0,0,0,0,Sunny,//cdn.weatherapi.com/weather/64x64/day/113.png,1000,11.2,05:38 AM,07:22 PM,Does not rise today,10:45 AM,Last Quarter,54,0,0,168.45833333333334,7.7250000000000005,73.5,3.7125,32.47083333333334,84.73749999999997,2.0,3.0
Ajmer,Rajasthan,India,26.45,74.6333,Asia/Kolkata,1780755529,2026-06-06 19:48,2026-06-07,1780790400,39.6,103.3,28.4,83.0,34.4,93.9,20.4,32.8,0.0,0.0,0.0,10.0,6.0,37,0,0,0,0,Sunny,//cdn.weatherapi.com/weather/64x64/day/113.png,1000,11.1,05:37 AM,07:22 PM,12:02 AM,11:38 AM,Last Quarter,43,0,0,146.16666666666666,3.266666666666666,78.625,3.0916666666666663,29.654166666666665,79.69166666666668,2.0,3.0
Ajmer,Rajasthan,India,26.45,74.6333,Asia/Kolkata,1780755529,2026-06-06 19:48,2026-06-08,1780876800,39.6,103.2,27.6,81.7,34.3,93.7,22.1,35.6,0.0,0.0,0.0,10.0,6.0,38,0,0,0,0,Sunny,//cdn.weatherapi.com/weather/64x64/day/113.png,1000,11.3,05:37 AM,07:23 PM,12:32 AM,12:30 PM,Last Quarter,33,0,0,145.70833333333334,3.0500000000000007,80.66666666666667,3.3416666666666663,25.729166666666668,66.0625,2.0,3.0
Ajmer,Rajasthan,India,26.45,74.6333,Asia/Kolkata,1780755529,2026-06-06 19:48,2026-06-09,1780963200,41.7,107.0,27.4,81.4,34.8,94.6,23.9,38.5,0.0,0.0,0.0,10.0,6.0,36,0,0,0,0,Sunny,//cdn.weatherapi.com/weather/64x64/day/113.png,1000,11.7,05:37 AM,07:23 PM,01:00 AM,01:24 PM,Waning Crescent,24,0,0,145.79166666666666,3.6208333333333336,86.625,3.529166666666667,26.212500000000002,64.99999999999999,2.0,3.0
Ajmer,Rajasthan,India,26.45,74.6333,Asia/Kolkata,1780755529,2026-06-06 19:48,2026-06-10,1781049600,41.4,106.6,28.2,82.8,35.0,95.0,21.9,35.3,0.0,0.0,0.0,10.0,6.0,35,0,0,0,0,Sunny,//cdn.weatherapi.com/weather/64x64/day/113.png,1000,11.7,05:37 AM,07:23 PM,01:29 AM,02:19 PM,Waning Crescent,15,0,0,141.01666666666668,3.1388888888888893,85.44444444444444,3.6666666666666665,20.994444444444444,42.727777777777774,2.0,2.0
Ajmer,Rajasthan,India,26.45,74.6333,Asia/Kolkata,1780755529,2026-06-06 19:48,2026-06-11,1781136000,41.7,107.0,29.4,84.8,35.8,96.4,19.7,31.7,0.0,0.0,0.0,10.0,6.0,33,0,0,0,0,Sunny,//cdn.weatherapi.com/weather/64x64/day/113.png,1000,9.0,05:37 AM,07:24 PM,02:01 AM,03:17 PM,Waning Crescent,8,0,0,,,,,,,,
Ajmer,Rajasthan,India,26.45,74.6333,Asia/Kolkata,1780755529,2026-06-06 19:48,2026-06-12,1781222400,41.5,106.7,30.1,86.2,36.0,96.8,15.0,24.1,0.0,0.0,0.0,10.0,6.0,31,0,0,0,0,Sunny,//cdn.weatherapi.com/weather/64x64/day/113.png,1000,9.0,05:38 AM,07:24 PM,02:36 AM,04:20 PM,New Moon,3,0,0,,,,,,,,
Jaipur,Rajasthan,India,26.9167,75.8167,Asia/Kolkata,1780755529,2026-06-06 19:48,2026-06-06,1780704000,41.2,106.2,29.6,85.2,35.2,95.4,17.2,27.7,0.48,0.02,0.0,10.0,6.0,34,1,73,0,0,Patchy rain nearby,//cdn.weatherapi.com/weather/64x64/day/176.png,1063,10.5,05:32 AM,07:18 PM,11:58 PM,10:39 AM,Last Quarter,54,0,0,243.75,12.299999999999997,73.5,6.495833333333334,34.57083333333333,99.89166666666667,2.0,3.0
Jaipur,Rajasthan,India,26.9167,75.8167,Asia/Kolkata,1780755529,2026-06-06 19:48,2026-06-07,1780790400,41.6,106.8,31.2,88.2,36.1,97.0,16.8,27.0,0.0,0.0,0.0,10.0,6.0,31,0,0,0,0,Sunny,//cdn.weatherapi.com/weather/64x64/day/113.png,1000,10.9,05:32 AM,07:19 PM,Does not rise today,11:32 AM,Last Quarter,43,0,0,190.41666666666666,7.191666666666667,77.70833333333333,5.066666666666667,53.67916666666665,186.26250000000002,3.0,6.0
Jaipur,Rajasthan,India,26.9167,75.8167,Asia/Kolkata,1780755529,2026-06-06 19:48,2026-06-08,1780876800,41.6,106.9,31.0,87.8,36.6,97.8,18.1,29.2,0.0,0.0,0.0,10.0,6.0,30,0,0,0,0,Sunny,//cdn.weatherapi.com/weather/64x64/day/113.png,1000,10.8,05:32 AM,07:19 PM,12:27 AM,12:25 PM,Last Quarter,33,0,0,200.79166666666666,8.379166666666668,72.625,5.229166666666667,46.837500000000006,161.65416666666667,3.0,5.0
Jaipur,Rajasthan,India,26.9167,75.8167,Asia/Kolkata,1780755529,2026-06-06 19:48,2026-06-09,1780963200,43.4,110.2,30.7,87.3,37.3,99.2,18.6,29.9,0.0,0.0,0.0,10.0,6.0,27,0,0,0,0,Sunny,//cdn.weatherapi.com/weather/64x64/day/113.png,1000,11.2,05:32 AM,07:19 PM,12:55 AM,01:19 PM,Waning Crescent,24,0,0,180.5,7.883333333333334,79.58333333333333,5.070833333333334,47.900000000000006,186.67916666666667,3.0,5.0
Jaipur,Rajasthan,India,26.9167,75.8167,Asia/Kolkata,1780755529,2026-06-06 19:48,2026-06-10,1781049600,42.5,108.6,31.4,88.5,37.3,99.2,19.9,32.0,0.0,0.0,0.0,10.0,6.0,27,0,0,0,0,Sunny,//cdn.weatherapi.com/weather/64x64/day/113.png,1000,11.4,05:32 AM,07:20 PM,01:24 AM,02:14 PM,Waning Crescent,15,0,0,157.52777777777777,4.261111111111111,87.44444444444444,4.4111111111111105,46.566666666666684,195.11666666666665,3.0,5.0
Jaipur,Rajasthan,India,26.9167,75.8167,Asia/Kolkata,1780755529,2026-06-06 19:48,2026-06-11,1781136000,42.7,108.8,31.9,89.5,37.5,99.5,19.7,31.7,0.0,0.0,0.0,10.0,6.0,27,0,0,0,0,Sunny,//cdn.weatherapi.com/weather/64x64/day/113.png,1000,9.0,05:32 AM,07:20 PM,01:56 AM,03:13 PM,Waning Crescent,8,0,0,,,,,,,,
Jaipur,Rajasthan,India,26.9167,75.8167,Asia/Kolkata,1780755529,2026-06-06 19:48,2026-06-12,1781222400,41.8,107.3,32.9,91.2,37.7,99.8,13.6,22.0,0.0,0.0,0.0,10.0,6.0,27,0,0,0,0,Sunny,//cdn.weatherapi.com/weather/64x64/day/113.png,1000,9.0,05:32 AM,07:20 PM,02:31 AM,04:16 PM,New Moon,3,0,0,,,,,,,,
Kolkata,West Bengal,India,22.5697,88.3697,Asia/Kolkata,1780755532,2026-06-06 19:48,2026-06-06,1780704000,40.4,104.8,29.9,85.9,34.3,93.8,18.6,29.9,1.82,0.07,0.0,9.9,6.0,58,1,73,0,0,Patchy rain nearby,//cdn.weatherapi.com/weather/64x64/day/176.png,1063,7.3,04:51 AM,06:19 PM,11:02 PM,09:53 AM,Last Quarter,54,0,0,622.0833333333334,14.870833333333335,89.91666666666667,11.16666666666667,41.958333333333336,44.729166666666664,3.0,4.0
Kolkata,West Bengal,India,22.5697,88.3697,Asia/Kolkata,1780755532,2026-06-06 19:48,2026-06-07,1780790400,40.4,104.7,30.0,86.0,33.7,92.6,20.1,32.4,0.22,0.01,0.0,9.5,5.0,63,1,73,0,0,Patchy rain nearby,//cdn.weatherapi.com/weather/64x64/day/176.png,1063,9.4,04:51 AM,06:19 PM,11:33 PM,10:44 AM,Last Quarter,43,0,0,468.8333333333333,14.150000000000004,90.125,10.987499999999997,41.87499999999999,46.354166666666664,3.0,4.0
Kolkata,West Bengal,India,22.5697,88.3697,Asia/Kolkata,1780755532,2026-06-06 19:48,2026-06-08,1780876800,44.3,111.7,29.9,85.8,35.5,95.8,19.0,30.6,0.01,0.0,0.0,10.0,6.0,57,0,1,0,0,Sunny,//cdn.weatherapi.com/weather/64x64/day/113.png,1000,8.9,04:51 AM,06:19 PM,Does not rise today,11:35 AM,Last Quarter,33,0,0,591.875,13.37083333333333,114.83333333333333,14.095833333333333,48.12083333333334,57.050000000000004,3.0,6.0
Kolkata,West Bengal,India,22.5697,88.3697,Asia/Kolkata,1780755532,2026-06-06 19:48,2026-06-09,1780963200,45.5,113.9,30.5,86.8,36.1,97.1,18.1,29.2,2.33,0.09,0.0,9.9,6.0,53,1,73,0,0,Patchy rain nearby,//cdn.weatherapi.com/weather/64x64/day/176.png,1063,10.0,04:51 AM,06:20 PM,12:04 AM,12:26 PM,Waning Crescent,24,0,0,411.4166666666667,7.949999999999999,130.0,12.320833333333333,39.358333333333334,48.34583333333333,2.0,4.0
Kolkata,West Bengal,India,22.5697,88.3697,Asia/Kolkata,1780755532,2026-06-06 19:48,2026-06-10,1781049600,44.2,111.6,29.3,84.8,34.9,94.8,18.1,29.2,10.6,0.42,0.0,9.5,5.0,58,1,73,0,0,Moderate rain,//cdn.weatherapi.com/weather/64x64/day/302.png,1189,9.8,04:51 AM,06:20 PM,12:35 AM,01:19 PM,Waning Crescent,15,0,0,317.1388888888889,7.072222222222224,124.94444444444444,10.56111111111111,34.77777777777778,41.8,2.0,3.0
Kolkata,West Bengal,India,22.5697,88.3697,Asia/Kolkata,1780755532,2026-06-06 19:48,2026-06-11,1781136000,40.5,105.0,30.5,86.9,34.4,93.9,16.3,26.3,0.0,0.0,0.0,9.9,6.0,60,0,1,0,0,Sunny,//cdn.weatherapi.com/weather/64x64/day/113.png,1000,8.0,04:51 AM,06:21 PM,01:09 AM,02:15 PM,Waning Crescent,8,0,0,,,,,,,,
Kolkata,West Bengal,India,22.5697,88.3697,Asia/Kolkata,1780755532,2026-06-06 19:48,2026-06-12,1781222400,40.8,105.5,28.6,83.4,33.4,92.1,14.5,23.4,0.24,0.01,0.0,9.5,5.0,59,1,73,0,0,Patchy rain nearby,//cdn.weatherapi.com/weather/64x64/day/176.png,1063,7.0,04:51 AM,06:21 PM,01:46 AM,03:16 PM,New Moon,3,0,0,,,,,,,,
Kochi,Kerala,India,9.9667,76.2333,Asia/Kolkata,1780755532,2026-06-06 19:48,2026-06-06,1780704000,28.8,83.8,25.9,78.7,27.2,80.9,11.9,19.1,32.87,1.29,0.0,9.7,6.0,83,1,88,0,0,Heavy rain,//cdn.weatherapi.com/weather/64x64/day/308.png,1195,10.6,06:03 AM,06:44 PM,11:40 PM,10:58 AM,Last Quarter,54,0,0,92.70833333333333,10.5125,32.333333333333336,2.7999999999999994,9.204166666666667,14.387500000000001,1.0,1.0
Kochi,Kerala,India,9.9667,76.2333,Asia/Kolkata,1780755532,2026-06-06 19:48,2026-06-07,1780790400,28.1,82.6,25.4,77.7,26.7,80.0,15.0,24.1,42.89,1.69,0.0,9.3,5.0,83,1,92,0,0,Heavy rain,//cdn.weatherapi.com/weather/64x64/day/308.png,1195,10.4,06:03 AM,06:44 PM,Does not rise today,11:44 AM,Last Quarter,43,0,0,89.95833333333333,7.383333333333334,37.291666666666664,2.2458333333333336,6.183333333333333,8.612499999999999,1.0,1.0
Kochi,Kerala,India,9.9667,76.2333,Asia/Kolkata,1780755532,2026-06-06 19:48,2026-06-08,1780876800,28.4,83.1,24.7,76.4,26.4,79.6,11.4,18.4,25.5,1.0,0.0,9.8,6.0,84,1,90,0,0,Heavy rain,//cdn.weatherapi.com/weather/64x64/day/308.png,1195,10.2,06:03 AM,06:44 PM,12:16 AM,12:28 PM,Last Quarter,33,0,0,89.75,6.9958333333333345,40.958333333333336,2.2375,6.387499999999999,9.004166666666668,1.0,1.0
Kochi,Kerala,India,9.9667,76.2333,Asia/Kolkata,1780755532,2026-06-06 19:48,2026-06-09,1780963200,29.0,84.2,26.2,79.1,27.4,81.4,16.3,26.3,32.92,1.3,0.0,9.8,6.0,83,1,89,0,0,Heavy rain,//cdn.weatherapi.com/weather/64x64/day/308.png,1195,11.4,06:03 AM,06:45 PM,12:53 AM,01:14 PM,Waning Crescent,24,0,0,91.25,10.183333333333332,37.0,2.904166666666667,8.416666666666666,11.908333333333337,1.0,1.0
Kochi,Kerala,India,9.9667,76.2333,Asia/Kolkata,1780755532,2026-06-06 19:48,2026-06-10,1781049600,29.3,84.8,25.9,78.7,27.7,81.8,13.4,21.6,12.87,0.51,0.0,9.7,6.0,79,1,87,0,0,Moderate rain,//cdn.weatherapi.com/weather/64x64/day/302.png,1189,8.8,06:03 AM,06:45 PM,01:30 AM,02:01 PM,Waning Crescent,15,0,0,124.38333333333334,8.288888888888888,45.333333333333336,3.0555555555555554,8.47777777777778,12.4,1.0,1.0
Kochi,Kerala,India,9.9667,76.2333,Asia/Kolkata,1780755532,2026-06-06 19:48,2026-06-11,1781136000,28.6,83.5,26.2,79.1,27.3,81.1,14.5,23.4,8.1,0.32,0.0,9.1,5.0,81,1,87,0,0,Moderate rain,//cdn.weatherapi.com/weather/64x64/day/302.png,1189,6.0,06:03 AM,06:45 PM,02:10 AM,02:51 PM,Waning Crescent,8,0,0,,,,,,,,
Kochi,Kerala,India,9.9667,76.2333,Asia/Kolkata,1780755532,2026-06-06 19:48,2026-06-12,1781222400,28.4,83.2,25.9,78.7,27.0,80.6,10.7,17.3,8.48,0.33,0.0,9.6,5.0,82,1,87,0,0,Moderate rain,//cdn.weatherapi.com/weather/64x64/day/302.png,1189,6.0,06:04 AM,06:45 PM,02:53 AM,03:46 PM,New Moon,3,0,0,,,,,,,,
Lucknow,Uttar Pradesh,India,26.85,80.917,Asia/Kolkata,1780755533,2026-06-06 19:48,2026-06-06,1780704000,43.7,110.7,31.5,88.7,37.8,100.0,11.9,19.1,0.19,0.01,0.0,10.0,6.0,23,1,73,0,0,Patchy rain nearby,//cdn.weatherapi.com/weather/64x64/day/176.png,1063,9.2,05:12 AM,06:58 PM,11:37 PM,10:18 AM,Last Quarter,54,0,0,417.875,19.395833333333332,101.5,15.379166666666668,63.85,149.42083333333332,3.0,8.0
Lucknow,Uttar Pradesh,India,26.85,80.917,Asia/Kolkata,1780755533,2026-06-06 19:48,2026-06-07,1780790400,44.3,111.7,33.5,92.3,38.5,101.3,18.1,29.2,0.0,0.0,0.0,10.0,6.0,24,0,0,0,0,Sunny,//cdn.weatherapi.com/weather/64x64/day/113.png,1000,9.8,05:11 AM,06:58 PM,Does not rise today,11:11 AM,Last Quarter,43,0,0,406.9166666666667,26.570833333333336,86.25,12.179166666666665,75.20416666666667,196.3083333333333,4.0,10.0
Lucknow,Uttar Pradesh,India,26.85,80.917,Asia/Kolkata,1780755533,2026-06-06 19:48,2026-06-08,1780876800,46.3,115.3,34.8,94.6,40.7,105.2,19.5,31.3,0.0,0.0,0.0,10.0,6.0,19,0,0,0,0,Sunny,//cdn.weatherapi.com/weather/64x64/day/113.png,1000,10.6,05:11 AM,06:58 PM,12:06 AM,12:04 PM,Last Quarter,33,0,0,291.75,22.804166666666664,78.33333333333333,10.008333333333331,89.78333333333335,289.4375,4.0,10.0
Lucknow,Uttar Pradesh,India,26.85,80.917,Asia/Kolkata,1780755533,2026-06-06 19:48,2026-06-09,1780963200,46.2,115.2,37.2,99.0,41.6,106.8,15.2,24.5,0.25,0.01,0.0,10.0,6.0,17,1,73,0,0,Patchy rain nearby,//cdn.weatherapi.com/weather/64x64/day/176.png,1063,9.4,05:11 AM,06:59 PM,12:35 AM,12:58 PM,Waning Crescent,24,0,0,298.6666666666667,19.133333333333333,94.375,10.629166666666668,90.3125,271.1875,4.0,10.0
Lucknow,Uttar Pradesh,India,26.85,80.917,Asia/Kolkata,1780755533,2026-06-06 19:48,2026-06-10,1781049600,47.5,117.5,33.5,92.2,41.0,105.9,17.4,28.1,0.0,0.0,0.0,10.0,6.0,21,0,0,0,0,Sunny,//cdn.weatherapi.com/weather/64x64/day/113.png,1000,9.9,05:11 AM,06:59 PM,01:04 AM,01:53 PM,Waning Crescent,15,0,0,386.75,16.36666666666666,103.33333333333333,10.055555555555555,78.15555555555557,248.32222222222222,4.0,10.0
Lucknow,Uttar Pradesh,India,26.85,80.917,Asia/Kolkata,1780755533,2026-06-06 19:48,2026-06-11,1781136000,47.1,116.7,37.4,99.3,42.3,108.2,16.8,27.0,0.0,0.0,0.0,10.0,6.0,17,0,1,0,0,Partly Cloudy,//cdn.weatherapi.com/weather/64x64/day/116.png,1003,10.0,05:11 AM,07:00 PM,01:35 AM,02:52 PM,Waning Crescent,8,0,0,,,,,,,,
Lucknow,Uttar Pradesh,India,26.85,80.917,Asia/Kolkata,1780755533,2026-06-06 19:48,2026-06-12,1781222400,45.7,114.3,37.8,100.0,41.7,107.1,15.9,25.6,0.17,0.01,0.0,10.0,6.0,21,1,73,0,0,Patchy rain nearby,//cdn.weatherapi.com/weather/64x64/day/176.png,1063,9.0,05:12 AM,07:00 PM,02:10 AM,03:55 PM,New Moon,3,0,0,,,,,,,,
Mumbai,Maharashtra,India,18.975,72.826,Asia/Kolkata,1780755530,2026-06-06 19:48,2026-06-06,1780704000,31.9,89.5,29.8,85.6,30.7,87.3,10.7,17.3,1.15,0.05,0.0,10.0,6.0,70,1,73,0,0,Patchy rain nearby,//cdn.weatherapi.com/weather/64x64/day/176.png,1063,11.3,06:00 AM,07:14 PM,Does not rise today,11:02 AM,Last Quarter,54,0,0,123.45833333333333,4.754166666666667,56.166666666666664,7.191666666666667,21.745833333333326,48.21666666666667,2.0,2.0
Mumbai,Maharashtra,India,18.975,72.826,Asia/Kolkata,1780755530,2026-06-06 19:48,2026-06-07,1780790400,32.0,89.7,30.3,86.5,30.9,87.7,13.9,22.3,0.08,0.0,0.0,10.0,6.0,66,1,73,0,0,Sunny,//cdn.weatherapi.com/weather/64x64/day/113.png,1000,11.6,06:00 AM,07:14 PM,12:02 AM,11:51 AM,Last Quarter,43,0,0,114.08333333333333,4.2749999999999995,55.541666666666664,6.295833333333333,17.520833333333332,44.68750000000001,2.0,2.0
Mumbai,Maharashtra,India,18.975,72.826,Asia/Kolkata,1780755530,2026-06-06 19:48,2026-06-08,1780876800,31.1,88.0,29.9,85.7,30.4,86.7,15.9,25.6,0.64,0.03,0.0,10.0,6.0,68,1,73,0,0,Patchy rain nearby,//cdn.weatherapi.com/weather/64x64/day/176.png,1063,11.1,06:00 AM,07:15 PM,12:35 AM,12:40 PM,Last Quarter,33,0,0,112.41666666666667,5.008333333333333,58.333333333333336,7.450000000000002,20.395833333333332,52.19166666666666,2.0,2.0
Mumbai,Maharashtra,India,18.975,72.826,Asia/Kolkata,1780755530,2026-06-06 19:48,2026-06-09,1780963200,30.9,87.6,29.7,85.5,30.3,86.5,18.3,29.5,4.85,0.19,0.0,9.4,5.0,72,1,79,0,0,Patchy rain nearby,//cdn.weatherapi.com/weather/64x64/day/176.png,1063,9.8,06:00 AM,07:15 PM,01:07 AM,01:29 PM,Waning Crescent,24,0,0,109.75,4.370833333333333,64.875,5.962500000000001,24.412499999999998,56.16666666666668,2.0,3.0
Mumbai,Maharashtra,India,18.975,72.826,Asia/Kolkata,1780755530,2026-06-06 19:48,2026-06-10,1781049600,31.0,87.7,29.5,85.0,30.3,86.6,17.9,28.8,4.31,0.17,0.0,9.5,5.0,74,1,78,0,0,Patchy rain nearby,//cdn.weatherapi.com/weather/64x64/day/176.png,1063,11.6,06:00 AM,07:15 PM,01:40 AM,02:21 PM,Waning Crescent,15,0,0,107.83333333333333,3.811111111111111,64.05555555555556,4.98888888888889,27.76111111111111,60.6888888888889,2.0,3.0
Mumbai,Maharashtra,India,18.975,72.826,Asia/Kolkata,1780755530,2026-06-06 19:48,2026-06-11,1781136000,31.0,87.9,29.4,85.0,30.3,86.5,15.7,25.2,1.94,0.08,0.0,9.4,5.0,74,1,73,0,0,Patchy rain nearby,//cdn.weatherapi.com/weather/64x64/day/176.png,1063,7.0,06:00 AM,07:16 PM,02:16 AM,03:15 PM,Waning Crescent,8,0,0,,,,,,,,
Mumbai,Maharashtra,India,18.975,72.826,Asia/Kolkata,1780755530,2026-06-06 19:48,2026-06-12,1781222400,31.2,88.1,29.7,85.5,30.4,86.8,17.7,28.4,1.76,0.07,0.0,9.4,5.0,77,1,73,0,0,Patchy rain nearby,//cdn.weatherapi.com/weather/64x64/day/176.png,1063,7.0,06:00 AM,07:16 PM,02:55 AM,04:14 PM,New Moon,3,0,0,,,,,,,,
New Delhi,Delhi,India,28.6,77.2,Asia/Kolkata,1780755530,2026-06-06 19:48,2026-06-06,1780704000,42.8,109.0,32.3,90.1,36.5,97.8,13.0,20.9,1.76,0.07,0.0,9.9,6.0,28,1,73,0,0,Patchy rain nearby,//cdn.weatherapi.com/weather/64x64/day/176.png,1063,9.5,05:22 AM,07:16 PM,11:54 PM,10:31 AM,Last Quarter,54,0,0,530.6666666666666,36.23333333333333,101.29166666666667,29.729166666666668,92.67916666666667,313.1791666666667,4.0,10.0
New Delhi,Delhi,India,28.6,77.2,Asia/Kolkata,1780755530,2026-06-06 19:48,2026-06-07,1780790400,44.2,111.6,33.2,91.8,38.4,101.1,15.9,25.6,1.09,0.04,0.0,10.0,6.0,25,1,73,0,0,Patchy rain nearby,//cdn.weatherapi.com/weather/64x64/day/176.png,1063,10.2,05:22 AM,07:17 PM,Does not rise today,11:25 AM,Last Quarter,43,0,0,389.875,46.645833333333336,83.45833333333333,30.250000000000004,110.13333333333334,357.54999999999995,4.0,10.0
New Delhi,Delhi,India,28.6,77.2,Asia/Kolkata,1780755530,2026-06-06 19:48,2026-06-08,1780876800,44.5,112.0,35.8,96.5,40.0,104.0,11.6,18.7,0.2,0.01,0.0,10.0,6.0,21,1,73,0,0,Patchy rain nearby,//cdn.weatherapi.com/weather/64x64/day/176.png,1063,8.1,05:22 AM,07:17 PM,12:22 AM,12:19 PM,Last Quarter,33,0,0,460.375,40.458333333333336,71.33333333333333,21.433333333333334,106.57916666666665,368.3833333333334,4.0,10.0
New Delhi,Delhi,India,28.6,77.2,Asia/Kolkata,1780755530,2026-06-06 19:48,2026-06-09,1780963200,46.0,114.9,36.1,96.9,41.5,106.6,16.6,26.6,0.01,0.0,0.0,10.0,6.0,19,0,0,0,0,Sunny,//cdn.weatherapi.com/weather/64x64/day/113.png,1000,10.5,05:22 AM,07:18 PM,12:50 AM,01:13 PM,Waning Crescent,24,0,0,675.0416666666666,46.779166666666676,87.25,25.541666666666668,119.54583333333333,466.7041666666667,4.0,10.0
New Delhi,Delhi,India,28.6,77.2,Asia/Kolkata,1780755530,2026-06-06 19:48,2026-06-10,1781049600,46.1,115.0,37.0,98.6,41.8,107.3,15.4,24.8,0.0,0.0,0.0,10.0,6.0,16,0,0,0,0,Sunny,//cdn.weatherapi.com/weather/64x64/day/113.png,1000,10.8,05:22 AM,07:18 PM,01:18 AM,02:10 PM,Waning Crescent,15,0,0,534.661111111111,44.077777777777776,77.94444444444444,25.43888888888889,127.59999999999998,592.3277777777777,4.0,10.0
New Delhi,Delhi,India,28.6,77.2,Asia/Kolkata,1780755530,2026-06-06 19:48,2026-06-11,1781136000,45.6,114.0,37.3,99.1,41.5,106.7,14.5,23.4,0.0,0.0,0.0,10.0,6.0,19,0,0,0,0,Sunny,//cdn.weatherapi.com/weather/64x64/day/113.png,1000,10.0,05:22 AM,07:18 PM,01:48 AM,03:10 PM,Waning Crescent,8,0,0,,,,,,,,
New Delhi,Delhi,India,28.6,77.2,Asia/Kolkata,1780755530,2026-06-06 19:48,2026-06-12,1781222400,45.6,114.1,37.9,100.2,41.0,105.8,16.1,25.9,0.22,0.01,0.0,9.9,6.0,20,1,73,0,0,Patchy rain nearby,//cdn.weatherapi.com/weather/64x64/day/176.png,1063,9.0,05:22 AM,07:19 PM,02:22 AM,04:14 PM,New Moon,3,0,0,,,,,,,,
Pune,Maharashtra,India,18.5333,73.8667,Asia/Kolkata,1780755530,2026-06-06 19:48,2026-06-06,1780704000,36.0,96.8,24.7,76.4,29.1,84.3,19.9,32.0,0.09,0.0,0.0,10.0,6.0,63,1,73,0,0,Partly Cloudy,//cdn.weatherapi.com/weather/64x64/day/116.png,1003,11.7,05:57 AM,07:09 PM,11:57 PM,10:58 AM,Last Quarter,54,0,0,149.41666666666666,6.545833333333333,65.625,6.466666666666668,14.954166666666666,29.645833333333332,1.0,2.0
Pune,Maharashtra,India,18.5333,73.8667,Asia/Kolkata,1780755530,2026-06-06 19:48,2026-06-07,1780790400,35.0,95.0,23.8,74.9,27.8,82.1,16.8,27.0,35.77,1.41,0.0,9.4,5.0,66,1,73,0,0,Heavy rain,//cdn.weatherapi.com/weather/64x64/day/308.png,1195,11.7,05:57 AM,07:09 PM,Does not rise today,11:47 AM,Last Quarter,43,0,0,134.5,5.841666666666666,63.625,6.437500000000001,14.262500000000001,30.087499999999995,1.0,2.0
Pune,Maharashtra,India,18.5333,73.8667,Asia/Kolkata,1780755530,2026-06-06 19:48,2026-06-08,1780876800,27.3,81.2,24.4,75.9,25.8,78.4,12.8,20.5,0.26,0.01,0.0,9.7,6.0,75,1,73,0,0,Patchy rain nearby,//cdn.weatherapi.com/weather/64x64/day/176.png,1063,6.7,05:57 AM,07:10 PM,12:30 AM,12:36 PM,Last Quarter,33,0,0,140.95833333333334,6.091666666666666,67.16666666666667,6.474999999999999,14.229166666666666,31.600000000000005,1.0,2.0
Pune,Maharashtra,India,18.5333,73.8667,Asia/Kolkata,1780755530,2026-06-06 19:48,2026-06-09,1780963200,30.5,87.0,23.4,74.0,26.4,79.4,17.7,28.4,0.25,0.01,0.0,10.0,6.0,72,1,73,0,0,Patchy rain nearby,//cdn.weatherapi.com/weather/64x64/day/176.png,1063,6.8,05:57 AM,07:10 PM,01:03 AM,01:25 PM,Waning Crescent,24,0,0,138.16666666666666,5.733333333333333,69.20833333333333,5.858333333333333,16.683333333333334,35.44583333333333,2.0,2.0
Pune,Maharashtra,India,18.5333,73.8667,Asia/Kolkata,1780755530,2026-06-06 19:48,2026-06-10,1781049600,32.3,90.1,23.8,74.9,27.3,81.1,19.0,30.6,0.13,0.01,0.0,10.0,6.0,68,1,73,0,0,Patchy rain nearby,//cdn.weatherapi.com/weather/64x64/day/176.png,1063,10.1,05:57 AM,07:10 PM,01:36 AM,02:16 PM,Waning Crescent,15,0,0,131.2388888888889,4.944444444444444,74.05555555555556,5.999999999999999,18.583333333333332,37.56111111111111,2.0,2.0
Pune,Maharashtra,India,18.5333,73.8667,Asia/Kolkata,1780755530,2026-06-06 19:48,2026-06-11,1781136000,31.5,88.7,23.8,74.8,27.3,81.2,17.0,27.4,0.07,0.0,0.0,10.0,6.0,69,1,73,0,0,Partly Cloudy,//cdn.weatherapi.com/weather/64x64/day/116.png,1003,7.0,05:57 AM,07:10 PM,02:12 AM,03:11 PM,Waning Crescent,8,0,0,,,,,,,,
Pune,Maharashtra,India,18.5333,73.8667,Asia/Kolkata,1780755530,2026-06-06 19:48,2026-06-12,1781222400,31.1,88.0,24.8,76.6,27.5,81.5,16.6,26.6,0.2,0.01,0.0,10.0,6.0,71,1,73,0,0,Patchy rain nearby,//cdn.weatherapi.com/weather/64x64/day/176.png,1063,6.0,05:57 AM,07:11 PM,02:51 AM,04:09 PM,New Moon,3,0,0,,,,,,,,
Surat,Gujarat,India,20.9667,72.9,Asia/Kolkata,1780755530,2026-06-06 19:48,2026-06-06,1780704000,33.2,91.8,29.2,84.5,30.9,87.6,16.3,26.3,0.09,0.0,0.0,10.0,6.0,68,1,73,0,0,Sunny,//cdn.weatherapi.com/weather/64x64/day/113.png,1000,11.3,05:56 AM,07:17 PM,Does not rise today,10:59 AM,Last Quarter,54,0,0,104.83333333333333,0.7958333333333335,57.208333333333336,0.6874999999999997,20.070833333333336,50.84583333333333,2.0,2.0
Surat,Gujarat,India,20.9667,72.9,Asia/Kolkata,1780755530,2026-06-06 19:48,2026-06-07,1780790400,33.2,91.8,29.3,84.7,30.8,87.5,19.0,30.6,0.0,0.0,0.0,10.0,6.0,67,0,1,0,0,Sunny,//cdn.weatherapi.com/weather/64x64/day/113.png,1000,11.2,05:56 AM,07:18 PM,12:04 AM,11:49 AM,Last Quarter,43,0,0,103.0,0.7333333333333334,56.333333333333336,0.695833333333333,19.76666666666667,58.52916666666666,2.0,2.0
Surat,Gujarat,India,20.9667,72.9,Asia/Kolkata,1780755530,2026-06-06 19:48,2026-06-08,1780876800,32.7,90.8,28.8,83.9,30.4,86.8,19.0,30.6,0.04,0.0,0.0,10.0,6.0,68,0,3,0,0,Sunny,//cdn.weatherapi.com/weather/64x64/day/113.png,1000,11.3,05:56 AM,07:18 PM,12:36 AM,12:39 PM,Last Quarter,33,0,0,103.91666666666667,0.65,60.333333333333336,0.6874999999999997,18.8625,51.81666666666667,2.0,2.0
Surat,Gujarat,India,20.9667,72.9,Asia/Kolkata,1780755530,2026-06-06 19:48,2026-06-09,1780963200,33.1,91.6,29.4,84.9,30.9,87.5,19.0,30.6,0.24,0.01,0.0,10.0,6.0,65,1,73,0,0,Patchy rain nearby,//cdn.weatherapi.com/weather/64x64/day/176.png,1063,10.9,05:56 AM,07:18 PM,01:07 AM,01:30 PM,Waning Crescent,24,0,0,102.79166666666667,0.6333333333333333,66.33333333333333,0.6666666666666664,23.383333333333336,57.04166666666665,2.0,2.0
Surat,Gujarat,India,20.9667,72.9,Asia/Kolkata,1780755530,2026-06-06 19:48,2026-06-10,1781049600,33.3,91.9,29.5,85.1,31.0,87.8,18.6,29.9,0.79,0.03,0.0,10.0,6.0,68,1,73,0,0,Patchy rain nearby,//cdn.weatherapi.com/weather/64x64/day/176.png,1063,11.6,05:56 AM,07:19 PM,01:39 AM,02:22 PM,Waning Crescent,15,0,0,98.0,0.5611111111111111,62.77777777777778,0.6166666666666666,24.922222222222224,58.133333333333326,2.0,3.0
Surat,Gujarat,India,20.9667,72.9,Asia/Kolkata,1780755530,2026-06-06 19:48,2026-06-11,1781136000,33.3,92.0,29.0,84.2,31.1,87.9,18.1,29.2,0.17,0.01,0.0,10.0,6.0,71,1,73,0,0,Patchy rain nearby,//cdn.weatherapi.com/weather/64x64/day/176.png,1063,7.0,05:56 AM,07:19 PM,02:14 AM,03:18 PM,Waning Crescent,8,0,0,,,,,,,,
Surat,Gujarat,India,20.9667,72.9,Asia/Kolkata,1780755530,2026-06-06 19:48,2026-06-12,1781222400,33.4,92.1,29.6,85.3,31.2,88.2,19.2,31.0,0.07,0.0,0.0,10.0,6.0,69,1,73,0,0,Partly Cloudy,//cdn.weatherapi.com/weather/64x64/day/116.png,1003,8.0,05:56 AM,07:19 PM,02:52 AM,04:18 PM,New Moon,3,0,0,,,,,,,,
Kota Bharu,Kelantan,Malaysia,6.1333,102.25,Asia/Kuala_Lumpur,1780755534,2026-06-06 22:18,2026-06-06,1780704000,32.6,90.7,25.0,77.1,28.0,82.4,7.4,11.9,6.49,0.26,0.0,9.6,5.0,80,1,77,0,0,Moderate rain,//cdn.weatherapi.com/weather/64x64/day/302.png,1189,10.8,06:55 AM,07:23 PM,Does not rise today,11:45 AM,Last Quarter,54,0,0,214.5,5.2749999999999995,70.75,4.154166666666666,12.429166666666667,12.733333333333334,1.0,2.0
Kota Bharu,Kelantan,Malaysia,6.1333,102.25,Asia/Kuala_Lumpur,1780755534,2026-06-06 22:18,2026-06-07,1780790400,31.4,88.6,25.3,77.5,27.8,82.1,6.7,10.8,11.92,0.47,0.0,9.6,5.0,82,1,85,0,0,Moderate rain,//cdn.weatherapi.com/weather/64x64/day/302.png,1189,11.6,06:55 AM,07:23 PM,12:19 AM,12:29 PM,Last Quarter,43,0,0,171.16666666666666,4.6125,72.0,4.095833333333334,11.237500000000002,11.479166666666666,1.0,1.0
Kota Bharu,Kelantan,Malaysia,6.1333,102.25,Asia/Kuala_Lumpur,1780755534,2026-06-06 22:18,2026-06-08,1780876800,32.0,89.6,24.6,76.2,27.2,81.0,7.8,12.6,11.71,0.46,0.0,9.5,5.0,83,1,87,0,0,Moderate rain,//cdn.weatherapi.com/weather/64x64/day/302.png,1189,10.1,06:56 AM,07:24 PM,12:58 AM,01:12 PM,Last Quarter,33,0,0,195.5,5.616666666666666,67.375,4.5125,11.908333333333331,12.170833333333334,1.0,1.0
Kota Bharu,Kelantan,Malaysia,6.1333,102.25,Asia/Kuala_Lumpur,1780755534,2026-06-06 22:18,2026-06-09,1780963200,32.0,89.6,24.3,75.7,26.4,79.6,7.4,11.9,12.01,0.47,0.0,9.7,6.0,85,1,87,0,0,Moderate rain,//cdn.weatherapi.com/weather/64x64/day/302.png,1189,5.9,06:56 AM,07:24 PM,01:36 AM,01:56 PM,Waning Crescent,24,0,0,175.875,4.795833333333333,65.375,4.1125,7.225000000000001,7.458333333333335,1.0,1.0
Kota Bharu,Kelantan,Malaysia,6.1333,102.25,Asia/Kuala_Lumpur,1780755534,2026-06-06 22:18,2026-06-10,1781049600,31.0,87.8,24.7,76.5,26.5,79.7,5.4,8.6,7.1,0.28,0.0,9.9,6.0,83,1,86,0,0,Moderate rain,//cdn.weatherapi.com/weather/64x64/day/302.png,1189,8.5,06:56 AM,07:24 PM,02:15 AM,02:41 PM,Waning Crescent,15,0,0,188.58095238095237,7.119047619047619,61.19047619047619,5.747619047619047,9.276190476190475,10.285714285714285,1.0,1.0
Kota Bharu,Kelantan,Malaysia,6.1333,102.25,Asia/Kuala_Lumpur,1780755534,2026-06-06 22:18,2026-06-11,1781136000,25.6,78.1,24.4,75.9,25.1,77.1,7.4,11.9,2.83,0.11,0.0,10.0,6.0,89,1,88,0,0,Patchy rain nearby,//cdn.weatherapi.com/weather/64x64/day/176.png,1063,6.0,06:56 AM,07:24 PM,02:56 AM,03:29 PM,Waning Crescent,8,0,0,,,,,,,,
Kota Bharu,Kelantan,Malaysia,6.1333,102.25,Asia/Kuala_Lumpur,1780755534,2026-06-06 22:18,2026-06-12,1781222400,29.4,85.0,24.1,75.3,26.1,79.0,5.1,8.3,0.0,0.0,0.0,10.0,6.0,81,0,8,0,0,Partly Cloudy,//cdn.weatherapi.com/weather/64x64/day/116.png,1003,7.0,06:56 AM,07:25 PM,03:41 AM,04:22 PM,New Moon,3,0,0,,,,,,,,
